Location,Date,Population,People_Vaccinated
India,30-01-2020,1407563842,0
India,31-01-2020,1407563842,0
India,01-02-2020,1407563842,0
India,02-02-2020,1407563842,0
India,03-02-2020,1407563842,0
India,04-02-2020,1407563842,0
India,05-02-2020,1407563842,0
India,06-02-2020,1407563842,0
India,07-02-2020,1407563842,0
India,08-02-2020,1407563842,0
India,09-02-2020,1407563842,0
India,10-02-2020,1407563842,0
India,11-02-2020,1407563842,0
India,12-02-2020,1407563842,0
India,13-02-2020,1407563842,0
India,14-02-2020,1407563842,0
India,15-02-2020,1407563842,0
India,16-02-2020,1407563842,0
India,17-02-2020,1407563842,0
India,18-02-2020,1407563842,0
India,19-02-2020,1407563842,0
India,20-02-2020,1407563842,0
India,21-02-2020,1407563842,0
India,22-02-2020,1407563842,0
India,23-02-2020,1407563842,0
India,24-02-2020,1407563842,0
India,25-02-2020,1407563842,0
India,26-02-2020,1407563842,0
India,27-02-2020,1407563842,0
India,28-02-2020,1407563842,0
India,29-02-2020,1407563842,0
India,01-03-2020,1407563842,0
India,02-03-2020,1407563842,0
India,03-03-2020,1407563842,0
India,04-03-2020,1407563842,0
India,05-03-2020,1407563842,0
India,06-03-2020,1407563842,0
India,07-03-2020,1407563842,0
India,08-03-2020,1407563842,0
India,09-03-2020,1407563842,0
India,10-03-2020,1407563842,0
India,11-03-2020,1407563842,0
India,12-03-2020,1407563842,0
India,13-03-2020,1407563842,0
India,14-03-2020,1407563842,0
India,15-03-2020,1407563842,0
India,16-03-2020,1407563842,0
India,17-03-2020,1407563842,0
India,18-03-2020,1407563842,0
India,19-03-2020,1407563842,0
India,20-03-2020,1407563842,0
India,21-03-2020,1407563842,0
India,22-03-2020,1407563842,0
India,23-03-2020,1407563842,0
India,24-03-2020,1407563842,0
India,25-03-2020,1407563842,0
India,26-03-2020,1407563842,0
India,27-03-2020,1407563842,0
India,28-03-2020,1407563842,0
India,29-03-2020,1407563842,0
India,30-03-2020,1407563842,0
India,31-03-2020,1407563842,0
India,01-04-2020,1407563842,0
India,02-04-2020,1407563842,0
India,03-04-2020,1407563842,0
India,04-04-2020,1407563842,0
India,05-04-2020,1407563842,0
India,06-04-2020,1407563842,0
India,07-04-2020,1407563842,0
India,08-04-2020,1407563842,0
India,09-04-2020,1407563842,0
India,10-04-2020,1407563842,0
India,11-04-2020,1407563842,0
India,12-04-2020,1407563842,0
India,13-04-2020,1407563842,0
India,14-04-2020,1407563842,0
India,15-04-2020,1407563842,0
India,16-04-2020,1407563842,0
India,17-04-2020,1407563842,0
India,18-04-2020,1407563842,0
India,19-04-2020,1407563842,0
India,20-04-2020,1407563842,0
India,21-04-2020,1407563842,0
India,22-04-2020,1407563842,0
India,23-04-2020,1407563842,0
India,24-04-2020,1407563842,0
India,25-04-2020,1407563842,0
India,26-04-2020,1407563842,0
India,27-04-2020,1407563842,0
India,28-04-2020,1407563842,0
India,29-04-2020,1407563842,0
India,30-04-2020,1407563842,0
India,01-05-2020,1407563842,0
India,02-05-2020,1407563842,0
India,03-05-2020,1407563842,0
India,04-05-2020,1407563842,0
India,05-05-2020,1407563842,0
India,06-05-2020,1407563842,0
India,07-05-2020,1407563842,0
India,08-05-2020,1407563842,0
India,09-05-2020,1407563842,0
India,10-05-2020,1407563842,0
India,11-05-2020,1407563842,0
India,12-05-2020,1407563842,0
India,13-05-2020,1407563842,0
India,14-05-2020,1407563842,0
India,15-05-2020,1407563842,0
India,16-05-2020,1407563842,0
India,17-05-2020,1407563842,0
India,18-05-2020,1407563842,0
India,19-05-2020,1407563842,0
India,20-05-2020,1407563842,0
India,21-05-2020,1407563842,0
India,22-05-2020,1407563842,0
India,23-05-2020,1407563842,0
India,24-05-2020,1407563842,0
India,25-05-2020,1407563842,0
India,26-05-2020,1407563842,0
India,27-05-2020,1407563842,0
India,28-05-2020,1407563842,0
India,29-05-2020,1407563842,0
India,30-05-2020,1407563842,0
India,31-05-2020,1407563842,0
India,01-06-2020,1407563842,0
India,02-06-2020,1407563842,0
India,03-06-2020,1407563842,0
India,04-06-2020,1407563842,0
India,05-06-2020,1407563842,0
India,06-06-2020,1407563842,0
India,07-06-2020,1407563842,0
India,08-06-2020,1407563842,0
India,09-06-2020,1407563842,0
India,10-06-2020,1407563842,0
India,11-06-2020,1407563842,0
India,12-06-2020,1407563842,0
India,13-06-2020,1407563842,0
India,14-06-2020,1407563842,0
India,15-06-2020,1407563842,0
India,16-06-2020,1407563842,0
India,17-06-2020,1407563842,0
India,18-06-2020,1407563842,0
India,19-06-2020,1407563842,0
India,20-06-2020,1407563842,0
India,21-06-2020,1407563842,0
India,22-06-2020,1407563842,0
India,23-06-2020,1407563842,0
India,24-06-2020,1407563842,0
India,25-06-2020,1407563842,0
India,26-06-2020,1407563842,0
India,27-06-2020,1407563842,0
India,28-06-2020,1407563842,0
India,29-06-2020,1407563842,0
India,30-06-2020,1407563842,0
India,01-07-2020,1407563842,0
India,02-07-2020,1407563842,0
India,03-07-2020,1407563842,0
India,04-07-2020,1407563842,0
India,05-07-2020,1407563842,0
India,06-07-2020,1407563842,0
India,07-07-2020,1407563842,0
India,08-07-2020,1407563842,0
India,09-07-2020,1407563842,0
India,10-07-2020,1407563842,0
India,11-07-2020,1407563842,0
India,12-07-2020,1407563842,0
India,13-07-2020,1407563842,0
India,14-07-2020,1407563842,0
India,15-07-2020,1407563842,0
India,16-07-2020,1407563842,0
India,17-07-2020,1407563842,0
India,18-07-2020,1407563842,0
India,19-07-2020,1407563842,0
India,20-07-2020,1407563842,0
India,21-07-2020,1407563842,0
India,22-07-2020,1407563842,0
India,23-07-2020,1407563842,0
India,24-07-2020,1407563842,0
India,25-07-2020,1407563842,0
India,26-07-2020,1407563842,0
India,27-07-2020,1407563842,0
India,28-07-2020,1407563842,0
India,29-07-2020,1407563842,0
India,30-07-2020,1407563842,0
India,31-07-2020,1407563842,0
India,01-08-2020,1407563842,0
India,02-08-2020,1407563842,0
India,03-08-2020,1407563842,0
India,04-08-2020,1407563842,0
India,05-08-2020,1407563842,0
India,06-08-2020,1407563842,0
India,07-08-2020,1407563842,0
India,08-08-2020,1407563842,0
India,09-08-2020,1407563842,0
India,10-08-2020,1407563842,0
India,11-08-2020,1407563842,0
India,12-08-2020,1407563842,0
India,13-08-2020,1407563842,0
India,14-08-2020,1407563842,0
India,15-08-2020,1407563842,0
India,16-08-2020,1407563842,0
India,17-08-2020,1407563842,0
India,18-08-2020,1407563842,0
India,19-08-2020,1407563842,0
India,20-08-2020,1407563842,0
India,21-08-2020,1407563842,0
India,22-08-2020,1407563842,0
India,23-08-2020,1407563842,0
India,24-08-2020,1407563842,0
India,25-08-2020,1407563842,0
India,26-08-2020,1407563842,0
India,27-08-2020,1407563842,0
India,28-08-2020,1407563842,0
India,29-08-2020,1407563842,0
India,30-08-2020,1407563842,0
India,31-08-2020,1407563842,0
India,01-09-2020,1407563842,0
India,02-09-2020,1407563842,0
India,03-09-2020,1407563842,0
India,04-09-2020,1407563842,0
India,05-09-2020,1407563842,0
India,06-09-2020,1407563842,0
India,07-09-2020,1407563842,0
India,08-09-2020,1407563842,0
India,09-09-2020,1407563842,0
India,10-09-2020,1407563842,0
India,11-09-2020,1407563842,0
India,12-09-2020,1407563842,0
India,13-09-2020,1407563842,0
India,14-09-2020,1407563842,0
India,15-09-2020,1407563842,0
India,16-09-2020,1407563842,0
India,17-09-2020,1407563842,0
India,18-09-2020,1407563842,0
India,19-09-2020,1407563842,0
India,20-09-2020,1407563842,0
India,21-09-2020,1407563842,0
India,22-09-2020,1407563842,0
India,23-09-2020,1407563842,0
India,24-09-2020,1407563842,0
India,25-09-2020,1407563842,0
India,26-09-2020,1407563842,0
India,27-09-2020,1407563842,0
India,28-09-2020,1407563842,0
India,29-09-2020,1407563842,0
India,30-09-2020,1407563842,0
India,01-10-2020,1407563842,0
India,02-10-2020,1407563842,0
India,03-10-2020,1407563842,0
India,04-10-2020,1407563842,0
India,05-10-2020,1407563842,0
India,06-10-2020,1407563842,0
India,07-10-2020,1407563842,0
India,08-10-2020,1407563842,0
India,09-10-2020,1407563842,0
India,10-10-2020,1407563842,0
India,11-10-2020,1407563842,0
India,12-10-2020,1407563842,0
India,13-10-2020,1407563842,0
India,14-10-2020,1407563842,0
India,15-10-2020,1407563842,0
India,16-10-2020,1407563842,0
India,17-10-2020,1407563842,0
India,18-10-2020,1407563842,0
India,19-10-2020,1407563842,0
India,20-10-2020,1407563842,0
India,21-10-2020,1407563842,0
India,22-10-2020,1407563842,0
India,23-10-2020,1407563842,0
India,24-10-2020,1407563842,0
India,25-10-2020,1407563842,0
India,26-10-2020,1407563842,0
India,27-10-2020,1407563842,0
India,28-10-2020,1407563842,0
India,29-10-2020,1407563842,0
India,30-10-2020,1407563842,0
India,31-10-2020,1407563842,0
India,01-11-2020,1407563842,0
India,02-11-2020,1407563842,0
India,03-11-2020,1407563842,0
India,04-11-2020,1407563842,0
India,05-11-2020,1407563842,0
India,06-11-2020,1407563842,0
India,07-11-2020,1407563842,0
India,08-11-2020,1407563842,0
India,09-11-2020,1407563842,0
India,10-11-2020,1407563842,0
India,11-11-2020,1407563842,0
India,12-11-2020,1407563842,0
India,13-11-2020,1407563842,0
India,14-11-2020,1407563842,0
India,15-11-2020,1407563842,0
India,16-11-2020,1407563842,0
India,17-11-2020,1407563842,0
India,18-11-2020,1407563842,0
India,19-11-2020,1407563842,0
India,20-11-2020,1407563842,0
India,21-11-2020,1407563842,0
India,22-11-2020,1407563842,0
India,23-11-2020,1407563842,0
India,24-11-2020,1407563842,0
India,25-11-2020,1407563842,0
India,26-11-2020,1407563842,0
India,27-11-2020,1407563842,0
India,28-11-2020,1407563842,0
India,29-11-2020,1407563842,0
India,30-11-2020,1407563842,0
India,01-12-2020,1407563842,0
India,02-12-2020,1407563842,0
India,03-12-2020,1407563842,0
India,04-12-2020,1407563842,0
India,05-12-2020,1407563842,0
India,06-12-2020,1407563842,0
India,07-12-2020,1407563842,0
India,08-12-2020,1407563842,0
India,09-12-2020,1407563842,0
India,10-12-2020,1407563842,0
India,11-12-2020,1407563842,0
India,12-12-2020,1407563842,0
India,13-12-2020,1407563842,0
India,14-12-2020,1407563842,0
India,15-12-2020,1407563842,0
India,16-12-2020,1407563842,0
India,17-12-2020,1407563842,0
India,18-12-2020,1407563842,0
India,19-12-2020,1407563842,0
India,20-12-2020,1407563842,0
India,21-12-2020,1407563842,0
India,22-12-2020,1407563842,0
India,23-12-2020,1407563842,0
India,24-12-2020,1407563842,0
India,25-12-2020,1407563842,0
India,26-12-2020,1407563842,0
India,27-12-2020,1407563842,0
India,28-12-2020,1407563842,0
India,29-12-2020,1407563842,0
India,30-12-2020,1407563842,0
India,31-12-2020,1407563842,0
India,01-01-2021,1407563842,0
India,02-01-2021,1407563842,0
India,03-01-2021,1407563842,0
India,04-01-2021,1407563842,0
India,05-01-2021,1407563842,0
India,06-01-2021,1407563842,0
India,07-01-2021,1407563842,0
India,08-01-2021,1407563842,0
India,09-01-2021,1407563842,0
India,10-01-2021,1407563842,0
India,11-01-2021,1407563842,0
India,12-01-2021,1407563842,0
India,13-01-2021,1407563842,0
India,14-01-2021,1407563842,0
India,15-01-2021,1407563842,0
India,16-01-2021,1407563842,191181
India,17-01-2021,1407563842,224301
India,18-01-2021,1407563842,454049
India,19-01-2021,1407563842,674835
India,20-01-2021,1407563842,806484
India,21-01-2021,1407563842,1043534
India,22-01-2021,1407563842,1390592
India,23-01-2021,1407563842,1582201
India,24-01-2021,1407563842,1615504
India,25-01-2021,1407563842,2023809
India,26-01-2021,1407563842,2029480
India,27-01-2021,1407563842,2355979
India,28-01-2021,1407563842,2928053
India,29-01-2021,1407563842,3500027
India,30-01-2021,1407563842,3744334
India,31-01-2021,1407563842,3758843
India,01-02-2021,1407563842,3950156
India,02-02-2021,1407563842,4138918
India,03-02-2021,1407563842,4449552
India,04-02-2021,1407563842,4959445
India,05-02-2021,1407563842,5416849
India,06-02-2021,1407563842,5775322
India,07-02-2021,1407563842,5812362
India,08-02-2021,1407563842,6259008
India,09-02-2021,1407563842,6611561
India,10-02-2021,1407563842,7017114
India,11-02-2021,1407563842,7505010
India,12-02-2021,1407563842,7967647
India,13-02-2021,1407563842,8052454
India,14-02-2021,1407563842,8052454
India,15-02-2021,1407563842,8052454
India,16-02-2021,1407563842,8393024
India,17-02-2021,1407563842,8722440
India,18-02-2021,1407563842,9382206
India,19-02-2021,1407563842,9985625
India,20-02-2021,1407563842,10374006
India,21-02-2021,1407563842,10620856
India,22-02-2021,1407563842,10959777
India,23-02-2021,1407563842,11443075
India,24-02-2021,1407563842,11902316
India,25-02-2021,1407563842,12602730
India,26-02-2021,1407563842,13292623
India,27-02-2021,1407563842,13778230
India,28-02-2021,1407563842,13836949
India,01-03-2021,1407563842,14389819
India,02-03-2021,1407563842,15156432
India,03-03-2021,1407563842,16151731
India,04-03-2021,1407563842,17541186
India,05-03-2021,1407563842,19033387
India,06-03-2021,1407563842,20458027
India,07-03-2021,1407563842,20524693
India,08-03-2021,1407563842,22544416
India,09-03-2021,1407563842,23903589
India,10-03-2021,1407563842,25220694
India,11-03-2021,1407563842,25700603
India,12-03-2021,1407563842,27754140
India,13-03-2021,1407563842,29274092
India,14-03-2021,1407563842,29443721
India,15-03-2021,1407563842,32483115
India,16-03-2021,1407563842,34600219
India,17-03-2021,1407563842,36678938
India,18-03-2021,1407563842,38875500
India,19-03-2021,1407563842,41599075
India,20-03-2021,1407563842,44139524
India,21-03-2021,1407563842,44601681
India,22-03-2021,1407563842,48030277
India,23-03-2021,1407563842,50376969
India,24-03-2021,1407563842,52681392
India,25-03-2021,1407563842,55040123
India,26-03-2021,1407563842,57645456
India,27-03-2021,1407563842,59805465
India,28-03-2021,1407563842,60066118
India,29-03-2021,1407563842,60649037
India,30-03-2021,1407563842,62590036
India,31-03-2021,1407563842,64653579
India,01-04-2021,1407563842,68324821
India,02-04-2021,1407563842,72589978
India,03-04-2021,1407563842,75515334
India,04-04-2021,1407563842,78640846
India,05-04-2021,1407563842,82646609
India,06-04-2021,1407563842,86613157
India,07-04-2021,1407563842,89734356
India,08-04-2021,1407563842,93869945
India,09-04-2021,1407563842,97610843
India,10-04-2021,1407563842,101130830
India,11-04-2021,1407563842,104064248
India,12-04-2021,1407563842,108068768
India,13-04-2021,1407563842,110715261
India,14-04-2021,1407563842,114028921
India,15-04-2021,1407563842,116759192
India,16-04-2021,1407563842,119473324
India,17-04-2021,1407563842,122158273
India,18-04-2021,1407563842,123388249
India,19-04-2021,1407563842,126664796
India,20-04-2021,1407563842,126664796
India,21-04-2021,1407563842,126664796
India,22-04-2021,1407563842,129773299
India,23-04-2021,1407563842,129773299
India,24-04-2021,1407563842,129773299
India,25-04-2021,1407563842,129773299
India,26-04-2021,1407563842,133113073
India,27-04-2021,1407563842,135467359
India,28-04-2021,1407563842,137641518
India,29-04-2021,1407563842,139856898
India,30-04-2021,1407563842,142586233
India,01-05-2021,1407563842,144214451
India,02-05-2021,1407563842,144799637
India,03-05-2021,1407563842,146670262
India,04-05-2021,1407563842,148338878
India,05-05-2021,1407563842,150519364
India,06-05-2021,1407563842,153191729
India,07-05-2021,1407563842,155778126
India,08-05-2021,1407563842,158081983
India,09-05-2021,1407563842,158892994
India,10-05-2021,1407563842,161687044
India,11-05-2021,1407563842,164450769
India,12-05-2021,1407563842,166633703
India,13-05-2021,1407563842,168949972
India,14-05-2021,1407563842,170234539
India,15-05-2021,1407563842,172132662
India,16-05-2021,1407563842,172839132
India,17-05-2021,1407563842,174405330
India,18-05-2021,1407563842,175779728
India,19-05-2021,1407563842,176998726
India,20-05-2021,1407563842,178475011
India,21-05-2021,1407563842,178475011
India,22-05-2021,1407563842,178475011
India,23-05-2021,1407563842,179351754
India,24-05-2021,1407563842,181798225
India,25-05-2021,1407563842,183139293
India,26-05-2021,1407563842,186058129
India,27-05-2021,1407563842,188835680
India,28-05-2021,1407563842,190799316
India,29-05-2021,1407563842,194721467
India,30-05-2021,1407563842,196297637
India,31-05-2021,1407563842,198082409
India,01-06-2021,1407563842,200768252
India,02-06-2021,1407563842,203310680
India,03-06-2021,1407563842,205976898
India,04-06-2021,1407563842,211240282
India,05-06-2021,1407563842,213203658
India,06-06-2021,1407563842,215673559
India,07-06-2021,1407563842,218123166
India,08-06-2021,1407563842,221313443
India,09-06-2021,1407563842,224489019
India,10-06-2021,1407563842,227914417
India,11-06-2021,1407563842,231335756
India,12-06-2021,1407563842,233820581
India,13-06-2021,1407563842,237062930
India,14-06-2021,1407563842,240392878
India,15-06-2021,1407563842,242937880
India,16-06-2021,1407563842,245958414
India,17-06-2021,1407563842,250602764
India,18-06-2021,1407563842,253988454
India,19-06-2021,1407563842,258540826
India,20-06-2021,1407563842,261919113
India,21-06-2021,1407563842,270946456
India,22-06-2021,1407563842,277487970
India,23-06-2021,1407563842,281002852
India,24-06-2021,1407563842,287686541
India,25-06-2021,1407563842,294294042
India,26-06-2021,1407563842,302473898
India,27-06-2021,1407563842,305662926
India,28-06-2021,1407563842,309056092
India,29-06-2021,1407563842,315056427
India,30-06-2021,1407563842,316790653
India,01-07-2021,1407563842,322374163
India,02-07-2021,1407563842,323304308
India,03-07-2021,1407563842,331933104
India,04-07-2021,1407563842,335011064
India,05-07-2021,1407563842,338862011
India,06-07-2021,1407563842,341940160
India,07-07-2021,1407563842,345703277
India,08-07-2021,1407563842,356623736
India,09-07-2021,1407563842,356623736
India,10-07-2021,1407563842,356623736
India,11-07-2021,1407563842,357943651
India,12-07-2021,1407563842,362058796
India,13-07-2021,1407563842,368289085
India,14-07-2021,1407563842,371931641
India,15-07-2021,1407563842,375934917
India,16-07-2021,1407563842,380287029
India,17-07-2021,1407563842,385522865
India,18-07-2021,1407563842,385522865
India,19-07-2021,1407563842,385522865
India,20-07-2021,1407563842,389148919
India,21-07-2021,1407563842,391527615
India,22-07-2021,1407563842,397093494
India,23-07-2021,1407563842,401558725
India,24-07-2021,1407563842,406827328
India,25-07-2021,1407563842,408872465
India,26-07-2021,1407563842,415588859
India,27-07-2021,1407563842,419833123
India,28-07-2021,1407563842,424382721
India,29-07-2021,1407563842,429710218
India,30-07-2021,1407563842,435194943
India,31-07-2021,1407563842,435194943
India,01-08-2021,1407563842,435194943
India,02-08-2021,1407563842,435194943
India,03-08-2021,1407563842,435194943
India,04-08-2021,1407563842,439250668
India,05-08-2021,1407563842,445235968
India,06-08-2021,1407563842,450917982
India,07-08-2021,1407563842,456718865
India,08-08-2021,1407563842,458573132
India,09-08-2021,1407563842,464408641
India,10-08-2021,1407563842,468988897
India,11-08-2021,1407563842,473579392
India,12-08-2021,1407563842,473579392
India,13-08-2021,1407563842,473579392
India,14-08-2021,1407563842,481235779
India,15-08-2021,1407563842,481235779
India,16-08-2021,1407563842,481235779
India,17-08-2021,1407563842,487236057
India,18-08-2021,1407563842,492867256
India,19-08-2021,1407563842,497311449
India,20-08-2021,1407563842,503921205
India,21-08-2021,1407563842,507081561
India,22-08-2021,1407563842,511487565
India,23-08-2021,1407563842,512954971
India,24-08-2021,1407563842,519447245
India,25-08-2021,1407563842,528638979
India,26-08-2021,1407563842,535106952
India,27-08-2021,1407563842,546256268
India,28-08-2021,1407563842,556580507
India,29-08-2021,1407563842,563303592
India,30-08-2021,1407563842,570021352
India,31-08-2021,1407563842,575514966
India,01-09-2021,1407563842,592292657
India,02-09-2021,1407563842,600491368
India,03-09-2021,1407563842,606370676
India,04-09-2021,1407563842,608460710
India,05-09-2021,1407563842,615231254
India,06-09-2021,1407563842,619169304
India,07-09-2021,1407563842,630384145
India,08-09-2021,1407563842,641266551
India,09-09-2021,1407563842,651625980
India,10-09-2021,1407563842,654830472
India,11-09-2021,1407563842,664144713
India,12-09-2021,1407563842,670993877
India,13-09-2021,1407563842,681000310
India,14-09-2021,1407563842,683429810
India,15-09-2021,1407563842,692066456
India,16-09-2021,1407563842,702057382
India,17-09-2021,1407563842,708103591
India,18-09-2021,1407563842,726730860
India,19-09-2021,1407563842,735494437
India,20-09-2021,1407563842,742948257
India,21-09-2021,1407563842,752552003
India,22-09-2021,1407563842,758013714
India,23-09-2021,1407563842,767955578
India,24-09-2021,1407563842,778369558
India,25-09-2021,1407563842,782872440
India,26-09-2021,1407563842,786507487
India,27-09-2021,1407563842,799489857
India,28-09-2021,1407563842,803960402
India,29-09-2021,1407563842,810408206
India,30-09-2021,1407563842,817141033
India,01-10-2021,1407563842,823919725
India,02-10-2021,1407563842,831720011
India,03-10-2021,1407563842,836871214
India,04-10-2021,1407563842,841796070
India,05-10-2021,1407563842,848844991
India,06-10-2021,1407563842,854242692
India,07-10-2021,1407563842,857889600
India,08-10-2021,1407563842,865935508
India,09-10-2021,1407563842,873749659
India,10-10-2021,1407563842,881855573
India,11-10-2021,1407563842,885623836
India,12-10-2021,1407563842,892055370
India,13-10-2021,1407563842,896620088
India,14-10-2021,1407563842,899077792
India,15-10-2021,1407563842,901879188
India,16-10-2021,1407563842,903401883
India,17-10-2021,1407563842,907060437
India,18-10-2021,1407563842,909670479
India,19-10-2021,1407563842,917828792
India,20-10-2021,1407563842,928114773
India,21-10-2021,1407563842,933920030
India,22-10-2021,1407563842,940661404
India,23-10-2021,1407563842,944353172
India,24-10-2021,1407563842,952983591
India,25-10-2021,1407563842,954865690
India,26-10-2021,1407563842,961565820
India,27-10-2021,1407563842,967284151
India,28-10-2021,1407563842,973174274
India,29-10-2021,1407563842,982424376
India,30-10-2021,1407563842,989205174
India,31-10-2021,1407563842,993347092
India,01-11-2021,1407563842,998370070
India,02-11-2021,1407563842,1000434387
India,03-11-2021,1407563842,1005775162
India,04-11-2021,1407563842,1007823064
India,05-11-2021,1407563842,1008509364
India,06-11-2021,1407563842,1010893218
India,07-11-2021,1407563842,1013858026
India,08-11-2021,1407563842,1018951778
India,09-11-2021,1407563842,1022863880
India,10-11-2021,1407563842,1028522112
India,11-11-2021,1407563842,1033491333
India,12-11-2021,1407563842,1042139057
India,13-11-2021,1407563842,1049896094
India,14-11-2021,1407563842,1053605177
India,15-11-2021,1407563842,1057697231
India,16-11-2021,1407563842,1064403954
India,17-11-2021,1407563842,1071722448
India,18-11-2021,1407563842,1079502627
India,19-11-2021,1407563842,1084311297
India,20-11-2021,1407563842,1094400746
India,21-11-2021,1407563842,1098772968
India,22-11-2021,1407563842,1106559117
India,23-11-2021,1407563842,1114662951
India,24-11-2021,1407563842,1124484970
India,25-11-2021,1407563842,1129244383
India,26-11-2021,1407563842,1141473822
India,27-11-2021,1407563842,1143208787
India,28-11-2021,1407563842,1153910442
India,29-11-2021,1407563842,1159207747
India,30-11-2021,1407563842,1167770883
India,01-12-2021,1407563842,1176232917
India,02-12-2021,1407563842,1186582152
India,03-12-2021,1407563842,1192443769
India,04-12-2021,1407563842,1204521986
India,05-12-2021,1407563842,1209479299
India,06-12-2021,1407563842,1214433804
India,07-12-2021,1407563842,1222677960
India,08-12-2021,1407563842,1230590819
India,09-12-2021,1407563842,1238960280
India,10-12-2021,1407563842,1243090829
India,11-12-2021,1407563842,1258209989
India,12-12-2021,1407563842,1262114967
India,13-12-2021,1407563842,1266181304
India,14-12-2021,1407563842,1277007166
India,15-12-2021,1407563842,1283201099
India,16-12-2021,1407563842,1287206989
India,17-12-2021,1407563842,1296082664
India,18-12-2021,1407563842,1303773230
India,19-12-2021,1407563842,1307144603
India,20-12-2021,1407563842,1310938929
India,21-12-2021,1407563842,1319237412
India,22-12-2021,1407563842,1321766019
India,23-12-2021,1407563842,1328937030
India,24-12-2021,1407563842,1335272311
India,25-12-2021,1407563842,1344697532
India,26-12-2021,1407563842,1345447344
India,27-12-2021,1407563842,1349162860
India,28-12-2021,1407563842,1356785515
India,29-12-2021,1407563842,1365911582
India,30-12-2021,1407563842,1369433238
India,31-12-2021,1407563842,1379581163
India,01-01-2022,1407563842,1384785543
India,02-01-2022,1407563842,1387301975
India,03-01-2022,1407563842,1395241911
India,04-01-2022,1407563842,1403046010
India,05-01-2022,1407563842,1412919704
India,06-01-2022,1407563842,1422706763
India,07-01-2022,1407563842,1436307652
India,08-01-2022,1407563842,1438723156
India,09-01-2022,1407563842,1448421023
India,10-01-2022,1407563842,1454938492
India,11-01-2022,1407563842,1468557689
India,12-01-2022,1407563842,1475013449
India,13-01-2022,1407563842,1484635451
India,14-01-2022,1407563842,1487194283
India,15-01-2022,1407563842,1496354288
India,16-01-2022,1407563842,1501411747
India,17-01-2022,1407563842,1506579030
India,18-01-2022,1407563842,1506722041
India,19-01-2022,1407563842,1523167231
India,20-01-2022,1407563842,1531049520
India,21-01-2022,1407563842,1540328748
India,22-01-2022,1407563842,1547803847
India,23-01-2022,1407563842,1552926665
India,24-01-2022,1407563842,1554135586
India,25-01-2022,1407563842,1561028071
India,26-01-2022,1407563842,1566899261
India,27-01-2022,1407563842,1569828445
India,28-01-2022,1407563842,1576009733
India,29-01-2022,1407563842,1581177025
India,30-01-2022,1407563842,1588077891
India,31-01-2022,1407563842,1595501779
India,01-02-2022,1407563842,1601879618
India,02-02-2022,1407563842,1607746421
India,03-02-2022,1407563842,1612233485
India,04-02-2022,1407563842,1617764228
India,05-02-2022,1407563842,1623892906
India,06-02-2022,1407563842,1626601937
India,07-02-2022,1407563842,1626763785
India,08-02-2022,1407563842,1633395132
India,09-02-2022,1407563842,1640739321
India,10-02-2022,1407563842,1641114552
India,11-02-2022,1407563842,1650889004
India,12-02-2022,1407563842,1654087022
India,13-02-2022,1407563842,1658627790
India,14-02-2022,1407563842,1660445389
India,15-02-2022,1407563842,1666784578
India,16-02-2022,1407563842,1669366025
India,17-02-2022,1407563842,1674647707
India,18-02-2022,1407563842,1678652653
India,19-02-2022,1407563842,1682183187
India,20-02-2022,1407563842,1684122527
India,21-02-2022,1407563842,1686506796
India,22-02-2022,1407563842,1690238835
India,23-02-2022,1407563842,1692406900
India,24-02-2022,1407563842,1695686690
India,25-02-2022,1407563842,1699312555
India,26-02-2022,1407563842,1703033638
India,27-02-2022,1407563842,1704440556
India,28-02-2022,1407563842,1705894388
India,01-03-2022,1407563842,1707390120
India,02-03-2022,1407563842,1708969414
India,03-03-2022,1407563842,1712160780
India,04-03-2022,1407563842,1714797185
India,05-03-2022,1407563842,1717565089
India,06-03-2022,1407563842,1718561249
India,07-03-2022,1407563842,1720032869
India,08-03-2022,1407563842,1722268804
India,09-03-2022,1407563842,1724235899
India,10-03-2022,1407563842,1726159531
India,11-03-2022,1407563842,1728933223
India,12-03-2022,1407563842,1730127457
India,13-03-2022,1407563842,1731435944
India,14-03-2022,1407563842,1733231354
India,15-03-2022,1407563842,1734889038
India,16-03-2022,1407563842,1736721492
India,17-03-2022,1407563842,1738731141
India,18-03-2022,1407563842,1739945433
India,19-03-2022,1407563842,1741188572
India,20-03-2022,1407563842,1742100472
India,21-03-2022,1407563842,1744599250
India,22-03-2022,1407563842,1747155540
India,23-03-2022,1407563842,1751290029
India,24-03-2022,1407563842,1754984471
India,25-03-2022,1407563842,1756981571
India,26-03-2022,1407563842,1761001031
India,27-03-2022,1407563842,1762063482
India,28-03-2022,1407563842,1763755755
India,29-03-2022,1407563842,1765216398
India,30-03-2022,1407563842,1769235563
India,31-03-2022,1407563842,1772662786
India,01-04-2022,1407563842,1774029705
India,02-04-2022,1407563842,1774029705
India,03-04-2022,1407563842,1774029705
India,04-04-2022,1407563842,1774029705
India,05-04-2022,1407563842,1775728306
India,06-04-2022,1407563842,1777924359
India,07-04-2022,1407563842,1779501506
India,08-04-2022,1407563842,1780812239
India,09-04-2022,1407563842,1782460992
India,10-04-2022,1407563842,1783296336
India,11-04-2022,1407563842,1784336966
India,12-04-2022,1407563842,1786588827
India,13-04-2022,1407563842,1787630175
India,14-04-2022,1407563842,1789083931
India,15-04-2022,1407563842,1789504081
India,16-04-2022,1407563842,1789504081
India,17-04-2022,1407563842,1789504081
India,18-04-2022,1407563842,1789504081
India,19-04-2022,1407563842,1791704144
India,20-04-2022,1407563842,1792449091
India,21-04-2022,1407563842,1794161408
India,22-04-2022,1407563842,1796120246
India,23-04-2022,1407563842,1796120246
India,24-04-2022,1407563842,1796120246
India,25-04-2022,1407563842,1796984093
India,26-04-2022,1407563842,1799433710
India,27-04-2022,1407563842,1801708719
India,28-04-2022,1407563842,1803941989
India,29-04-2022,1407563842,1807242388
India,30-04-2022,1407563842,1808943694
India,01-05-2022,1407563842,1811200705
India,02-05-2022,1407563842,1812035122
India,03-05-2022,1407563842,1813585295
India,04-05-2022,1407563842,1814360144
India,05-05-2022,1407563842,1815998357
India,06-05-2022,1407563842,1817883468
India,07-05-2022,1407563842,1819828773
India,08-05-2022,1407563842,1821676788
India,09-05-2022,1407563842,1823088518
India,10-05-2022,1407563842,1824730844
India,11-05-2022,1407563842,1826348701
India,12-05-2022,1407563842,1827992525
India,13-05-2022,1407563842,1829566166
India,14-05-2022,1407563842,1831251440
India,15-05-2022,1407563842,1832650433
India,16-05-2022,1407563842,1833197312
India,17-05-2022,1407563842,1834494357
India,18-05-2022,1407563842,1836047007
India,19-05-2022,1407563842,1837592780
India,20-05-2022,1407563842,1839232451
India,21-05-2022,1407563842,1840901565
India,22-05-2022,1407563842,1842340016
India,23-05-2022,1407563842,1843341659
India,24-05-2022,1407563842,1844824823
India,25-05-2022,1407563842,1846261459
India,26-05-2022,1407563842,1847755395
India,27-05-2022,1407563842,1849334101
India,28-05-2022,1407563842,1850907645
India,29-05-2022,1407563842,1852155413
India,30-05-2022,1407563842,1852612709
India,31-05-2022,1407563842,1853968790
India,01-06-2022,1407563842,1856199697
India,02-06-2022,1407563842,1856489928
India,03-06-2022,1407563842,1857820977
India,04-06-2022,1407563842,1859125859
India,05-06-2022,1407563842,1860225466
India,06-06-2022,1407563842,1860726480
India,07-06-2022,1407563842,1862140087
India,08-06-2022,1407563842,1863795637
India,09-06-2022,1407563842,1865486650
India,10-06-2022,1407563842,1867151400
India,11-06-2022,1407563842,1868775060
India,12-06-2022,1407563842,1870253622
India,13-06-2022,1407563842,1871447417
India,14-06-2022,1407563842,1873029851
India,15-06-2022,1407563842,1874547848
India,16-06-2022,1407563842,1876216741
India,17-06-2022,1407563842,1877907076
India,18-06-2022,1407563842,1879530797
India,19-06-2022,1407563842,1880761211
India,20-06-2022,1407563842,1881260653
India,21-06-2022,1407563842,1882683722
India,22-06-2022,1407563842,1884058643
India,23-06-2022,1407563842,1885695949
India,24-06-2022,1407563842,1887242921
India,25-06-2022,1407563842,1888934222
India,26-06-2022,1407563842,1890115286
India,27-06-2022,1407563842,1890732259
India,28-06-2022,1407563842,1892614414
India,29-06-2022,1407563842,1894084541
India,30-06-2022,1407563842,1895597270
India,01-07-2022,1407563842,1896832511
India,02-07-2022,1407563842,1897880883
India,03-07-2022,1407563842,1898813568
India,04-07-2022,1407563842,1899180679
India,05-07-2022,1407563842,1900369634
India,06-07-2022,1407563842,1901447581
India,07-07-2022,1407563842,1902842942
India,08-07-2022,1407563842,1904596645
India,09-07-2022,1407563842,1904596645
India,10-07-2022,1407563842,1904596645
India,11-07-2022,1407563842,1905673471
India,12-07-2022,1407563842,1906875948
India,13-07-2022,1407563842,1908928661
India,14-07-2022,1407563842,1911858130
India,15-07-2022,1407563842,1914653341
India,16-07-2022,1407563842,1914653341
India,17-07-2022,1407563842,1914653341
India,18-07-2022,1407563842,1914653341
India,19-07-2022,1407563842,1916560021
India,20-07-2022,1407563842,1916560021
